-- MySQL dump 10.13  Distrib 8.0.34, for Win64 (x86_64)
--
-- Host: localhost    Database: boardgames
-- ------------------------------------------------------
-- Server version	5.5.5-10.4.21-MariaDB

/*!40101 SET @OLD_CHARACTER_SET_CLIENT=@@CHARACTER_SET_CLIENT */;
/*!40101 SET @OLD_CHARACTER_SET_RESULTS=@@CHARACTER_SET_RESULTS */;
/*!40101 SET @OLD_COLLATION_CONNECTION=@@COLLATION_CONNECTION */;
/*!50503 SET NAMES utf8 */;
/*!40103 SET @OLD_TIME_ZONE=@@TIME_ZONE */;
/*!40103 SET TIME_ZONE='+00:00' */;
/*!40014 SET @OLD_UNIQUE_CHECKS=@@UNIQUE_CHECKS, UNIQUE_CHECKS=0 */;
/*!40014 SET @OLD_FOREIGN_KEY_CHECKS=@@FOREIGN_KEY_CHECKS, FOREIGN_KEY_CHECKS=0 */;
/*!40101 SET @OLD_SQL_MODE=@@SQL_MODE, SQL_MODE='NO_AUTO_VALUE_ON_ZERO' */;
/*!40111 SET @OLD_SQL_NOTES=@@SQL_NOTES, SQL_NOTES=0 */;

--
-- Table structure for table `game_mechanics`
--

DROP TABLE IF EXISTS `game_mechanics`;
/*!40101 SET @saved_cs_client     = @@character_set_client */;
/*!50503 SET character_set_client = utf8mb4 */;
CREATE TABLE `game_mechanics` (
  `id_game` int(11) DEFAULT NULL,
  `id_mechanic` int(11) DEFAULT NULL,
  KEY `id_game` (`id_game`),
  KEY `id_mechanic` (`id_mechanic`),
  CONSTRAINT `game_mechanics_ibfk_1` FOREIGN KEY (`id_game`) REFERENCES `games` (`id_games`),
  CONSTRAINT `game_mechanics_ibfk_2` FOREIGN KEY (`id_mechanic`) REFERENCES `mechanics` (`id_mechanics`)
) ENGINE=InnoDB DEFAULT CHARSET=utf8mb4;
/*!40101 SET character_set_client = @saved_cs_client */;

--
-- Dumping data for table `game_mechanics`
--

LOCK TABLES `game_mechanics` WRITE;
/*!40000 ALTER TABLE `game_mechanics` DISABLE KEYS */;
INSERT INTO `game_mechanics` VALUES (1,10),(1,20),(1,30),(2,9),(2,24),(2,29),(3,20),(3,14),(3,10),(4,4),(4,3),(4,1),(5,2),(5,11),(5,27),(6,2),(6,5),(6,15),(7,10),(7,24),(7,30),(8,7),(8,14),(8,26),(9,4),(9,15),(9,10),(10,10),(10,30),(10,27),(11,10),(11,1),(11,4),(12,10),(12,11),(12,30),(13,17),(13,23),(13,11),(14,1),(14,3),(14,10),(15,2),(15,5),(15,24),(16,28),(16,3),(16,10),(17,1),(17,10),(17,30),(18,24),(18,29),(18,10),(19,26),(19,1),(19,27),(20,10),(20,30),(20,27),(21,1),(21,10),(21,30),(22,3),(22,10),(22,26),(23,10),(23,1),(23,30),(24,17),(24,23),(24,11),(25,3),(25,20),(25,24),(26,10),(26,3),(26,27),(27,20),(27,26),(27,5),(28,9),(28,24),(28,30),(29,10),(29,24),(29,30),(30,15),(30,10),(30,4),(31,9),(31,11),(31,30),(32,15),(32,10),(32,4),(33,10),(33,24),(33,30),(34,4),(34,3),(34,1),(35,14),(35,24),(35,27),(36,17),(36,1),(36,11),(37,10),(37,1),(37,30),(38,11),(38,23),(38,30),(39,1),(39,10),(39,17),(40,10),(40,24),(40,27),(41,10),(41,1),(41,27),(42,1),(42,10),(42,30),(43,1),(43,10),(43,30),(44,1),(44,10),(44,27),(45,10),(45,3),(45,29),(46,10),(46,3),(46,24),(47,2),(47,10),(47,27),(48,10),(48,24),(48,3),(49,9),(49,24),(49,30),(50,17),(50,11),(50,30),(51,3),(51,10),(51,24),(52,10),(52,30),(52,27),(53,10),(53,24),(53,30),(54,11),(54,13),(54,17),(55,1),(55,10),(55,24),(56,28),(56,3),(56,10),(57,10),(57,3),(57,24),(58,10),(58,30),(58,27),(59,1),(59,10),(59,30),(60,11),(60,30),(60,27),(61,3),(61,10),(61,28),(62,1),(62,10),(62,30),(63,3),(63,10),(63,24),(64,1),(64,10),(64,24),(65,3),(65,10),(65,24),(66,28),(66,10),(66,24),(67,10),(67,24),(67,27),(68,9),(68,24),(68,13),(69,1),(69,10),(69,30),(70,1),(70,10),(70,27),(71,1),(71,10),(71,30),(72,1),(72,10),(72,27),(73,9),(73,17),(73,24),(74,10),(74,3),(74,24),(75,3),(75,19),(75,10),(76,3),(76,13),(76,24),(77,9),(77,17),(77,10),(78,3),(78,10),(78,24),(79,9),(79,11),(79,30),(80,11),(80,27),(80,24),(81,9),(81,17),(81,24),(82,3),(82,10),(82,24),(83,1),(83,10),(83,30),(84,1),(84,10),(84,30),(85,3),(85,10),(85,24),(86,1),(86,10),(86,27),(87,3),(87,10),(87,24),(88,10),(88,3),(88,27),(89,9),(89,17),(89,24),(90,9),(90,17),(90,24),(91,1),(91,10),(91,30),(92,9),(92,17),(92,24),(93,9),(93,17),(93,10),(94,1),(94,10),(94,30),(95,28),(95,3),(95,10),(96,1),(96,9),(96,24),(97,10),(97,3),(97,24),(98,10),(98,24),(98,30),(99,9),(99,17),(99,24),(100,1),(100,2),(100,24),(101,9),(101,24),(101,27),(102,10),(102,30),(102,27),(103,3),(103,10),(103,24),(104,2),(104,11),(104,27),(105,4),(105,15),(105,30),(106,10),(106,30),(106,27),(107,4),(107,15),(107,30),(108,10),(108,30),(108,27),(109,9),(109,24),(109,13),(110,1),(110,10),(110,30),(111,10),(111,24),(111,27),(112,9),(112,17),(112,24),(113,1),(113,10),(113,30),(114,10),(114,24),(114,27),(115,9),(115,17),(115,24),(116,10),(116,3),(116,24),(117,1),(117,10),(117,27),(118,10),(118,24),(118,30),(119,1),(119,10),(119,27),(120,1),(120,10),(120,27),(121,9),(121,24),(121,13),(122,1),(122,10),(122,30),(123,9),(123,17),(123,24),(124,1),(124,10),(124,30),(125,1),(125,10),(125,30),(126,1),(126,10),(126,30),(127,26),(127,9),(127,27),(128,10),(128,24),(128,3),(129,1),(129,10),(129,30),(130,1),(130,10),(130,30),(131,9),(131,10),(131,24),(132,1),(132,10),(132,30),(133,9),(133,17),(133,24),(134,3),(134,10),(134,24),(135,1),(135,10),(135,30),(136,3),(136,10),(136,24),(137,1),(137,10),(137,27),(138,1),(138,10),(138,30),(139,1),(139,10),(139,30),(140,1),(140,10),(140,30),(141,1),(141,10),(141,27),(142,1),(142,10),(142,30),(143,1),(143,10),(143,30),(144,1),(144,10),(144,27),(145,1),(145,10),(145,30),(146,1),(146,10),(146,30),(147,28),(147,3),(147,10),(148,1),(148,10),(148,30),(149,1),(149,10),(149,30),(150,10),(150,3),(150,24),(151,10),(151,3),(151,27),(152,1),(152,10),(152,30),(153,10),(153,3),(153,24),(154,9),(154,24),(154,10),(155,3),(155,10),(155,24),(156,1),(156,10),(156,27),(157,3),(157,10),(157,24),(158,10),(158,3),(158,24),(159,10),(159,3),(159,24),(160,10),(160,24),(160,3),(161,15),(161,10),(161,30),(162,10),(162,3),(162,24),(163,10),(163,27),(163,24),(164,1),(164,10),(164,27),(165,7),(165,17),(165,24),(166,10),(166,3),(166,24),(167,15),(167,1),(167,30),(168,10),(168,3),(168,24),(169,10),(169,24),(169,27),(170,28),(170,3),(170,10),(171,10),(171,3),(171,24),(172,5),(172,20),(172,30),(173,2),(173,11),(173,24),(174,10),(174,27),(174,24),(175,10),(175,20),(175,24),(176,9),(176,17),(176,24),(177,3),(177,10),(177,24),(178,1),(178,10),(178,30),(179,1),(179,10),(179,30),(180,10),(180,30),(180,27),(181,2),(181,15),(181,30),(182,10),(182,3),(182,24),(183,10),(183,3),(183,24),(184,1),(184,10),(184,27),(185,10),(185,3),(185,30),(186,10),(186,24),(186,27),(187,10),(187,27),(187,24),(188,10),(188,24),(188,27),(189,10),(189,3),(189,24),(190,10),(190,3),(190,24),(191,10),(191,3),(191,27),(192,10),(192,3),(192,24),(193,11),(193,23),(193,30),(194,9),(194,17),(194,24),(195,10),(195,27),(195,24),(196,10),(196,20),(196,24),(197,10),(197,24),(197,27),(198,10),(198,24),(198,30),(199,1),(199,10),(199,27),(200,1),(200,10),(200,30);
/*!40000 ALTER TABLE `game_mechanics` ENABLE KEYS */;
UNLOCK TABLES;

--
-- Table structure for table `game_reviews`
--

DROP TABLE IF EXISTS `game_reviews`;
/*!40101 SET @saved_cs_client     = @@character_set_client */;
/*!50503 SET character_set_client = utf8mb4 */;
CREATE TABLE `game_reviews` (
  `id_game_reviews` int(11) NOT NULL,
  `id_game` int(11) DEFAULT NULL,
  `id_user` int(11) DEFAULT NULL,
  `rating` int(2) DEFAULT NULL,
  `review` varchar(255) DEFAULT NULL,
  `review_date` timestamp NOT NULL DEFAULT current_timestamp(),
  PRIMARY KEY (`id_game_reviews`),
  KEY `user_idx` (`id_user`),
  KEY `game_idx` (`id_game`),
  CONSTRAINT `game` FOREIGN KEY (`id_game`) REFERENCES `games` (`id_games`) ON DELETE NO ACTION ON UPDATE NO ACTION,
  CONSTRAINT `user` FOREIGN KEY (`id_user`) REFERENCES `user` (`id_user`) ON DELETE NO ACTION ON UPDATE NO ACTION
) ENGINE=InnoDB DEFAULT CHARSET=utf8mb4;
/*!40101 SET character_set_client = @saved_cs_client */;

--
-- Dumping data for table `game_reviews`
--

LOCK TABLES `game_reviews` WRITE;
/*!40000 ALTER TABLE `game_reviews` DISABLE KEYS */;
INSERT INTO `game_reviews` VALUES (1,4,1,8,'Świetna gra z dużą regrywalnością!','2023-01-01 09:00:00'),(2,12,1,7,'Przyjemna i strategiczna, ale trochę monotonna.','2023-02-01 10:00:00'),(3,15,2,9,'Niesamowita gra! Uwielbiam mechaniki i głębię.','2023-03-01 11:00:00'),(4,21,2,8,'Świetna gra dla miłośników strategii!','2023-04-01 11:00:00'),(5,40,3,9,'Jedna z najlepszych gier w mojej kolekcji.','2023-05-01 12:00:00'),(6,69,3,8,'Wymagająca i zabawna!','2023-06-01 13:00:00'),(7,73,4,10,'Idealne połączenie horroru i strategii.','2023-07-01 14:00:00'),(8,123,4,7,'Wciągająca i ekscytująca, ale może być trochę długa.','2023-08-01 15:00:00'),(9,130,1,8,'Duża głębia i strategia, gorąco polecam.','2023-09-01 16:00:00'),(10,195,2,8,'Złożona i satysfakcjonująca gra.','2023-10-01 17:00:00'),(11,15,3,9,'Uwielbiam tematykę i rozgrywkę!','2023-11-01 19:00:00'),(12,21,4,8,'Solidna gra z świetnymi mechanikami.','2023-12-01 20:00:00');
/*!40000 ALTER TABLE `game_reviews` ENABLE KEYS */;
UNLOCK TABLES;

--
-- Table structure for table `games`
--

DROP TABLE IF EXISTS `games`;
/*!40101 SET @saved_cs_client     = @@character_set_client */;
/*!50503 SET character_set_client = utf8mb4 */;
CREATE TABLE `games` (
  `id_games` int(11) NOT NULL AUTO_INCREMENT,
  `name` varchar(255) NOT NULL,
  `description` varchar(255) DEFAULT NULL,
  `min_players` int(11) NOT NULL DEFAULT 1,
  `max_players` int(11) NOT NULL DEFAULT 1,
  `play_time` int(11) DEFAULT NULL,
  `complexity` tinyint(4) DEFAULT NULL,
  PRIMARY KEY (`id_games`),
  CONSTRAINT `chk_complexity` CHECK (`complexity` between 1 and 5)
) ENGINE=InnoDB AUTO_INCREMENT=201 DEFAULT CHARSET=utf8mb4;
/*!40101 SET character_set_client = @saved_cs_client */;

--
-- Dumping data for table `games`
--

LOCK TABLES `games` WRITE;
/*!40000 ALTER TABLE `games` DISABLE KEYS */;
INSERT INTO `games` VALUES (1,'Catan','Gra ekonomiczna, w której gracze zasiedlają wyspę Catan, zbierają surowce i handlują nimi.',3,4,90,3),(2,'Pandemic','Gra kooperacyjna, w której gracze wspólnie walczą z globalnymi epidemiami.',2,4,60,2),(3,'Ticket to Ride','Gra planszowa o budowaniu linii kolejowych w Ameryce Północnej.',2,5,60,2),(4,'Carcassonne','Gra kafelkowa, w której gracze budują miasta, drogi i klasztory.',2,5,45,2),(5,'Dominion','Gra karciana, w której gracze budują swoje talie kart podczas gry.',2,4,30,3),(6,'7 Wonders','Gra karciana, w której gracze rozwijają cywilizacje przez trzy epoki.',2,7,30,2),(7,'Terraforming Mars','Gra strategiczna, w której gracze przekształcają Marsa w planetę zdatną do życia.',1,5,120,3),(8,'Gloomhaven','Gra taktyczna z elementami RPG, gdzie gracze walczą z potworami i zdobywają skarby.',1,4,120,4),(9,'Azul','Gra abstrakcyjna, w której gracze układają płytki w piękne mozaiki.',2,4,45,2),(10,'Wingspan','Gra o zarządzaniu ptasim rezerwatem, w której gracze zbierają ptaki i zdobywają punkty.',1,5,70,3),(11,'The Castles of Burgundy','Gra strategiczna o budowaniu zamków i zarządzaniu zasobami w średniowiecznej Burgundii.',2,4,90,3),(12,'Splendor','Gra ekonomiczna, w której gracze zbierają kamienie szlachetne i kupują karty rozwoju.',2,4,30,2),(13,'Codenames','Gra towarzyska, w której gracze odgadują tajne hasła na podstawie wskazówek.',2,8,15,2),(14,'Scythe','Gra strategiczna osadzona w alternatywnej Europie lat 20. XX wieku, gdzie gracze rywalizują o dominację.',1,7,115,3),(15,'Terraforming Mars: Ares Expedition','Karciana wersja gry Terraforming Mars, w której gracze rywalizują o terraformowanie Marsa.',1,4,60,3),(16,'Root','Asymetryczna gra strategiczna, w której różne frakcje walczą o kontrolę nad lasem.',2,4,90,4),(17,'Agricola','Gra ekonomiczna, w której gracze zarządzają farmą, sadzą zboże i hodują zwierzęta.',1,5,120,4),(18,'Twilight Struggle','Gra strategiczna osadzona w okresie zimnej wojny, gdzie gracze reprezentują USA i ZSRR.',2,2,180,4),(19,'The Quacks of Quedlinburg','Gra o warzeniu eliksirów, w której gracze losują składniki z woreczków, starając się uniknąć wybuchów.',2,4,45,2),(20,'Everdell','Gra o zarządzaniu zasobami i budowaniu miasta w lesie Everdell.',1,4,80,3),(21,'Puerto Rico','Gra ekonomiczna, w której gracze zarządzają plantacjami i eksportują towary.',2,5,90,3),(22,'Blood Rage','Gra strategiczna osadzona w mitologii nordyckiej, gdzie gracze kierują klanami wikingów w Ragnaroku.',2,4,90,3),(23,'Viticulture','Gra ekonomiczna o uprawie winorośli i produkcji wina w Toskanii.',1,6,90,3),(24,'Dixit','Gra towarzyska, w której gracze interpretują abstrakcyjne ilustracje i próbują odgadnąć karty innych graczy.',3,6,30,1),(25,'Lost Ruins of Arnak','Gra przygodowa, w której gracze eksplorują tajemniczą wyspę, szukając artefaktów i skarbów.',1,4,90,3),(26,'Brass: Birmingham','Gra ekonomiczna osadzona w czasach rewolucji przemysłowej, gdzie gracze rozwijają przemysł i handel.',2,4,120,4),(27,'Clank!','Gra przygodowa, w której gracze kradną skarby ze smoczej jaskini, starając się uniknąć obudzenia smoka.',2,4,60,2),(28,'Spirit Island','Gra kooperacyjna, w której gracze jako duchy bronią wyspę przed kolonizatorami.',1,4,120,4),(29,'Gaia Project','Gra strategiczna, w której gracze rozwijają kosmiczne cywilizacje, terraformując planety i budując struktury.',1,4,150,4),(30,'Patchwork','Gra logiczna dla dwóch graczy, w której układają oni fragmenty materiału na swoich planszach, tworząc koce.',2,2,30,2),(31,'The Crew: The Quest for Planet Nine','Kooperacyjna gra karciana, w której gracze wspólnie realizują misje w kosmosie.',2,5,20,2),(32,'Kingdomino','Gra strategiczna, w której gracze budują swoje królestwa, dobierając i układając kafelki domino.',2,4,15,1),(33,'On Mars','Gra strategiczna, w której gracze jako koloniści rozwijają i terraformują Marsa.',1,4,150,5),(34,'The Isle of Cats','Gra o ratowaniu kotów z wyspy przed nadchodzącą katastrofą, gdzie gracze zbierają i układają karty.',1,4,90,3),(35,'Mansions of Madness: Second Edition','Gra przygodowa z elementami horroru, w której gracze eksplorują nawiedzone posiadłości, rozwiązując zagadki.',1,5,120,4),(36,'Betrayal at House on the Hill','Gra przygodowa, w której gracze eksplorują nawiedzony dom, z jednym z graczy zdradzającym resztę.',3,6,60,3),(37,'Caverna: The Cave Farmers','Gra ekonomiczna, w której gracze zarządzają rodziną krasnoludów, uprawiając ziemię i eksplorując jaskinie.',1,7,120,4),(38,'Sherlock Holmes Consulting Detective','Gra detektywistyczna, w której gracze rozwiązują zagadki kryminalne w wiktoriańskim Londynie.',1,8,120,3),(39,'Tainted Grail: The Fall of Avalon','Gra przygodowa, w której gracze odkrywają mroczny świat Avalonu, podejmując decyzje wpływające na rozwój fabuły.',1,4,180,4),(40,'Great Western Trail','Gra strategiczna, w której gracze przewożą bydło z Teksasu do Kansas City, zarabiając pieniądze i zdobywając punkty.',2,4,150,4),(41,'Concordia','Gra ekonomiczna, w której gracze rozwijają handel i budują imperia w starożytnym Rzymie.',2,5,100,3),(42,'Architects of the West Kingdom','Gra strategiczna, w której gracze zarządzają zasobami i budują struktury w średniowiecznym królestwie.',1,5,80,3),(43,'Paladins of the West Kingdom','Gra strategiczna, w której gracze rekrutują paladynów i rozwijają swoje miasta w obliczu zbliżających się wrogów.',1,4,90,4),(44,'Raiders of the North Sea','Gra strategiczna, w której gracze jako wikingowie rabują wioski i gromadzą zasoby.',2,4,80,3),(45,'Anachrony','Gra strategiczna osadzona w postapokaliptycznym świecie, gdzie gracze manipulują czasem, aby zdobywać zasoby.',1,4,120,4),(46,'Brass: Lancashire','Gra ekonomiczna osadzona w czasach rewolucji przemysłowej w Anglii, gdzie gracze rozwijają przemysł i handel.',2,4,120,4),(47,'Race for the Galaxy','Gra karciana, w której gracze rozwijają galaktyczne cywilizacje, odkrywając planety i budując technologie.',2,4,60,3),(48,'Eclipse','Gra strategiczna osadzona w kosmosie, gdzie gracze rozwijają swoje cywilizacje, eksplorują i walczą.',2,6,180,4),(49,'Robinson Crusoe: Adventures on the Cursed Island','Gra kooperacyjna, w której gracze starają się przetrwać na bezludnej wyspie, realizując różne scenariusze.',1,4,120,4),(50,'Chronicles of Crime','Gra detektywistyczna, w której gracze rozwiązują zagadki kryminalne przy użyciu technologii VR i aplikacji mobilnej.',1,4,90,2),(51,'Tapestry','Gra cywilizacyjna, w której gracze prowadzą swoje cywilizacje przez epoki, rozwijając technologie i kulturę.',1,5,120,4),(52,'Wingspan European Expansion','Rozszerzenie do gry Wingspan, wprowadzające nowe gatunki ptaków występujące w Europie.',1,5,70,3),(53,'Anno 1800','Gra ekonomiczna, w której gracze budują i zarządzają miastami w okresie rewolucji przemysłowej.',2,4,120,3),(54,'Arkham Horror: The Card Game','Gra karciana osadzona w świecie H.P. Lovecrafta, w której gracze eksplorują miasto Arkham i walczą z nadprzyrodzonymi bytami.',1,2,60,3),(55,'Mage Knight','Gra strategiczna osadzona w fantastycznym świecie, w której gracze wcielają się w magów walczących o kontrolę nad terytorium.',1,4,240,5),(56,'Root: The Underworld Expansion','Rozszerzenie do gry Root, dodające dwie nowe frakcje oraz nowe możliwości rozgrywki.',2,6,90,4),(57,'Brass: Lancashire - Iron Clays','Zestaw żetonów do gry Brass: Lancashire, zaprojektowany w celu ułatwienia rozgrywki i podniesienia jakości komponentów.',2,4,120,3),(58,'Everdell: Pearlbrook','Rozszerzenie do gry Everdell, wprowadzające nowe miejsca, postacie i zasoby, związane z podwodnym światem Pearlbrook.',1,4,60,3),(59,'Scythe: The Rise of Fenris','Rozszerzenie do gry Scythe, wprowadzające kampanię fabularną oraz nowe elementy rozgrywki.',1,7,90,4),(60,'Marvel Champions: The Card Game','Gra karciana, w której gracze wcielają się w superbohaterów z uniwersum Marvela, walcząc z przeciwnikami i rozwiązując misje.',1,4,60,3),(61,'Terra Mystica','Gra strategiczna, w której gracze kierują frakcjami fantazyjnych ras, rozbudowując swoje osady i walcząc o kontrolę nad terenami.',2,5,150,4),(62,'A Feast for Odin','Gra ekonomiczna, w której gracze jako wikingowie zajmują się rolnictwem, handlem i odkrywaniem nowych ziem.',1,4,120,4),(63,'Twilight Imperium','Gra strategiczna osadzona w przestrzeni kosmicznej, w której gracze rywalizują o kontrolę nad galaktyką poprzez politykę, handel i wojnę.',3,6,480,5),(64,'Through the Ages: A New Story of Civilization','Gra cywilizacyjna, w której gracze kierują swoimi cywilizacjami przez różne epoki, rozwijając technologię, kulturę i wpływy.',2,4,240,4),(65,'Star Wars: Rebellion','Gra strategiczna osadzona w świecie Gwiezdnych Wojen, w której gracze kierują siłami Imperium lub Rebelii, walcząc o kontrolę nad galaktyką.',2,4,240,4),(66,'Pax Pamir: Second Edition','Gra strategiczna osadzona w Afganistanie XIX wieku, w której gracze rywalizują o wpływy w regionie poprzez intrygi, politykę i wojnę.',1,5,120,4),(67,'Vinhos Deluxe Edition','Gra ekonomiczna o produkcji wina w Portugalii, w której gracze zarządzają swoimi winnicami i winiarniami, starając się zdobyć jak najwięcej punktów.',1,4,135,4),(68,'Battlestar Galactica: The Board Game','Gra kooperacyjna osadzona w świecie Battlestar Galactica, w której gracze walczą o przetrwanie ludzkości na pokładzie statku kosmicznego, starając się odkryć i wyeliminować zdrajcę.',3,6,180,4),(69,'Teotihuacan: City of Gods','Gra strategiczna osadzona w starożytnym Meksyku, w której gracze budują i rozwijają miasto Teotihuacan, rywalizując o wpływy i punkty zwycięstwa.',1,4,120,4),(70,'Tzolk in: The Mayan Calendar','Gra ekonomiczna, w której gracze zarządzają plemionami Majów, rozwijając swoje osady, budując piramidy i organizując rytuały.',2,4,90,3),(71,'Mage Wars Arena','Gra taktyczna, w której gracze wcielają się w potężnych magów, rywalizujących ze sobą w magicznych pojedynkach.',2,4,90,3),(72,'Imperial Settlers','Gra karciana, w której gracze budują swoje cywilizacje, rozwijając swoje osady i zdobywając surowce.',1,4,90,3),(73,'Nemesis','Gra przygodowa osadzona na pokładzie statku kosmicznego, w której gracze walczą o przetrwanie, jednocześnie próbując odkryć swoje własne cele i tajemnice.',1,5,180,4),(74,'Brass: Lancashire','Gra ekonomiczna osadzona w czasach rewolucji przemysłowej w Anglii, gdzie gracze rozwijają przemysł i handel.',2,4,120,4),(75,'Star Wars: X-Wing Miniatures Game','Gra bitewna osadzona w świecie Gwiezdnych Wojen, w której gracze rywalizują ze sobą pilotując statki kosmiczne, starając się zniszczyć flotę przeciwnika.',2,4,45,3),(76,'Dune','Gra strategiczna osadzona w świecie powieści Franka Herberta, w której gracze rywalizują o kontrolę nad planetą Arrakis poprzez politykę, negocjacje i wojnę.',2,6,180,4),(77,'Aeon`s End','Gra kooperacyjna, w której gracze bronią miasta przed inwazją potężnych istot zwanymi Nemesis.',1,4,60,3),(78,'Tigris & Euphrates','Gra strategiczna, w której gracze rywalizują o kontrolę nad starożytnymi królestwami, rozwijając swoje cywilizacje.',2,4,90,4),(79,'The Crew: Mission Deep Sea','Rozszerzenie do gry The Crew: The Quest for Planet Nine, wprowadzające nowe misje i elementy rozgrywki osadzone pod wodą.',2,5,20,2),(80,'Marvel Champions: The Rise of Red Skull','Rozszerzenie do gry Marvel Champions, dodające nowe postacie i wrogów, w tym Czerwony Czaszkę.',1,4,60,3),(81,'Nemesis Lockdown','Samodzielne rozszerzenie do gry Nemesis, które przenosi graczy na pokład stacji kosmicznej pełnej niebezpieczeństw.',1,5,180,5),(82,'Dune Imperium','Gra strategiczna osadzona w świecie Dune, w której gracze rywalizują o kontrolę nad planetą Arrakis poprzez politykę, handel i walkę.',1,4,120,4),(83,'Lost Ruins of Arnak: Expedition Leaders','Rozszerzenie do gry Lost Ruins of Arnak, dodające nowe karty liderów z unikalnymi zdolnościami.',1,4,90,3),(84,'The Voyages of Marco Polo','Gra strategiczna, w której gracze wcielają się w podróżników wędrujących po średniowiecznej Azji, handlując towarami i rozwijając miasta.',2,4,100,4),(85,'Gaia Project: A Project Terraforming Mars Game','Kolejna część gry Gaia Project, przenosząca mechanikę z Gaia Project na tereny Marsa.',1,4,150,4),(86,'The Gallerist','Gra ekonomiczna, w której gracze wcielają się w właścicieli galerii sztuki, spekulując na rynku sztuki i promując artystów.',1,4,120,4),(87,'War of the Ring','Gra strategiczna osadzona w Śródziemiu, w której gracze rywalizują o losy Pierścienia Władzy, prowadząc armie Wolnych Ludzi lub Saurona.',2,4,180,5),(88,'Brass: Birmingham – Roxley Games Edition','Nowsza wersja gry Brass: Birmingham, zawierająca ulepszone komponenty i korekty w zasadach.',2,4,120,4),(89,'Nemesis: Aftermath','Samodzielne rozszerzenie do gry Nemesis, które przenosi akcję na zniszczony pokład statku kosmicznego i dodaje nowe wyzwania.',1,5,180,5),(90,'Cthulhu: Death May Die','Gra kooperacyjna osadzona w uniwersum H.P. Lovecrafta, w której gracze walczą z przerażającymi istotami starając się zapobiec nadejściu Cthulhu.',1,5,90,4),(91,'Underwater Cities','Gra strategiczna, w której gracze budują podwodne miasta, rozwijając infrastrukturę i zaspokajając potrzeby mieszkańców.',1,4,150,4),(92,'Arkham Horror: Third Edition','Gra kooperacyjna osadzona w świecie H.P. Lovecrafta, w której gracze badają miasto Arkham, próbując zapobiec nadejściu starożytnych bytów.',1,6,120,4),(93,'Star Wars: Outer Rim','Gra osadzona w świecie Gwiezdnych Wojen, w której gracze wcielają się w łowców nagród, podróżując po peryferiach galaktyki w poszukiwaniu sławy i fortuny.',1,4,120,3),(94,'Anachrony: Fractures of Time','Rozszerzenie do gry Anachrony, które wprowadza nowe mechaniki związane z podróżami w czasie oraz dodaje nowe karty i budynki.',1,4,120,4),(95,'Root: Clockwork Expansion','Rozszerzenie do gry Root, dodające zautomatyzowane frakcje, które mogą zastępować graczy w rozgrywce.',2,6,90,4),(96,'Pandemic Legacy: Season 2','Drugie sezonowe rozszerzenie do gry Pandemic, które przenosi akcję do postapokaliptycznego świata, gdzie gracze próbują odbudować cywilizację po globalnej pandemii.',2,4,60,4),(97,'Eclipse: Second Dawn for the Galaxy','Gra strategiczna osadzona w kosmosie, w której gracze rywalizują o kontrolę nad galaktyką poprzez kolonizację, handel i walkę.',2,6,120,4),(98,'Terraforming Mars: Prelude','Rozszerzenie do gry Terraforming Mars, które wprowadza karty początkowe, umożliwiające szybsze rozpoczęcie terraformowania planety.',1,5,90,3),(99,'Gloomhaven: Jaws of the Lion','Samodzielne rozszerzenie do gry Gloomhaven, zawierające skondensowaną kampanię, idealną dla nowych graczy.',1,4,50,4),(100,'7 Wonders Duel: Pantheon','Rozszerzenie do gry 7 Wonders Duel, wprowadzające bogów i boginie, którzy oferują specjalne zdolności.',2,2,30,3),(101,'Spirit Island: Branch & Claw','Rozszerzenie do gry Spirit Island, dodające nowe duchy, karty mocy i mechaniki związane z fauną i florą.',1,4,120,4),(102,'Wingspan: European Expansion','Rozszerzenie do gry Wingspan, wprowadzające europejskie ptaki, nowe karty kart mocy i nowe plansze.',1,5,70,3),(103,'Twilight Imperium: Fourth Edition','Gra strategiczna osadzona w kosmosie, w której gracze rywalizują o kontrolę nad galaktyką poprzez politykę, handel i wojnę.',3,6,240,5),(104,'Dominion: Intrigue','Rozszerzenie do gry Dominion, które dodaje nowe karty królestwa oraz karty akcji, umożliwiające bardziej interaktywną rozgrywkę.',2,4,30,3),(105,'Azul: Summer Pavilion','Kolejna część serii Azul, w której gracze układają kafelki na planszy, starając się zdobyć jak najwięcej punktów.',2,4,45,2),(106,'Wingspan: Oceania Expansion','Rozszerzenie do gry Wingspan, wprowadzające ptaki z regionu Oceanii, nowe karty akcji i nowe plansze.',1,5,70,3),(107,'Azul: Stained Glass of Sintra','Druga część serii Azul, w której gracze układają kolorowe szkła w witraże.',2,4,45,2),(108,'Everdell: Spirecrest','Rozszerzenie do gry Everdell, wprowadzające nowe miejsca i mechaniki związane z górskimi terenami.',1,4,80,3),(109,'Nemesis: Carnomorphs','Rozszerzenie do gry Nemesis, dodające nową frakcję wrogów - Carnomorphs.',1,5,180,5),(110,'Caverna: Cave vs Cave','Dwuosobowa wersja gry Caverna, w której gracze zarządzają krasnoludzkimi rodzinami w jaskiniach.',2,2,40,2),(111,'Terraforming Mars: Colonies','Rozszerzenie do gry Terraforming Mars, wprowadzające kolonie na innych ciałach niebieskich.',1,5,120,3),(112,'Gloomhaven: Forgotten Circles','Rozszerzenie do gry Gloomhaven, dodające nowe scenariusze, postacie i przedmioty.',1,4,120,4),(113,'Viticulture: Tuscany Essential Edition','Rozszerzenie do gry Viticulture, wprowadzające nowe plansze, karty i mechaniki.',1,6,90,3),(114,'Eclipse: Ship Pack One','Rozszerzenie do gry Eclipse, dodające nowe statki i technologie.',2,6,180,4),(115,'Robinson Crusoe: Treasure Chest','Rozszerzenie do gry Robinson Crusoe, wprowadzające nowe scenariusze i przedmioty.',1,4,120,4),(116,'Clans of Caledonia','Gra ekonomiczna, w której gracze zarządzają klanami w Szkocji, produkując towary i handlując nimi.',1,4,120,3),(117,'The Pursuit of Happiness','Gra planszowa, w której gracze zarządzają życiem swoich postaci, podejmując decyzje związane z pracą, relacjami i hobby.',1,4,90,3),(118,'Obsession','Gra ekonomiczna osadzona w wiktoriańskiej Anglii, w której gracze zarządzają arystokratycznymi posiadłościami i organizują przyjęcia.',1,4,90,3),(119,'Paladins of the West Kingdom: City of Crowns','Rozszerzenie do gry Paladins of the West Kingdom, wprowadzające nowe karty, mechaniki i wyzwania.',1,4,90,4),(120,'Tiny Towns','Gra strategiczna, w której gracze budują miasta, zbierając zasoby i umieszczając budynki na swoich planszach.',1,6,45,2),(121,'Nemesis: Void Seeders','Rozszerzenie do gry Nemesis, wprowadzające nową frakcję wrogów - Void Seeders.',1,5,180,5),(122,'Teotihuacan: Late Preclassic Period','Rozszerzenie do gry Teotihuacan, wprowadzające nowe technologie, kapłanów i budynki.',1,4,120,4),(123,'Robinson Crusoe: Mystery Tales','Rozszerzenie do gry Robinson Crusoe, wprowadzające nowe scenariusze i elementy fabularne.',1,4,120,4),(124,'Gugong','Gra strategiczna osadzona w cesarskich Chinach, w której gracze przekupują urzędników, by zdobyć wpływy i bogactwo.',1,5,90,3),(125,'Trickerion: Legends of Illusion','Gra strategiczna, w której gracze wcielają się w magików rywalizujących o sławę i prestiż.',2,4,120,4),(126,'Orléans','Gra planszowa, w której gracze rekrutują robotników, aby rozwijać swoje średniowieczne miasta i zdobywać punkty.',2,4,90,3),(127,'The Quacks of Quedlinburg: The Herb Witches','Rozszerzenie do gry The Quacks of Quedlinburg, wprowadzające nowe składniki i postacie.',2,5,45,2),(128,'Black Angel','Gra strategiczna osadzona w kosmosie, gdzie gracze sterują statkiem kosmicznym, eksplorują planety i walczą z wrogami.',1,4,120,4),(129,'Raiders of Scythia','Gra strategiczna, w której gracze jako wojownicy Scytów rabują wioski, gromadzą zasoby i zdobywają punkty.',1,4,60,3),(130,'Lisboa','Gra ekonomiczna osadzona w XVIII-wiecznej Lizbonie, gdzie gracze odbudowują miasto po trzęsieniu ziemi.',1,4,120,4),(131,'Atlantis Rising','Gra kooperacyjna, w której gracze starają się ocalić Atlantydę przed zatopieniem, zbierając zasoby i budując bramy.',1,7,90,3),(132,'Heaven & Ale','Gra ekonomiczna, w której gracze zarządzają klasztornymi browarami, produkując piwo i zarządzając zasobami.',2,4,60,3),(133,'Paleo','Gra kooperacyjna, w której gracze jako członkowie prehistorycznego plemienia starają się przetrwać, zdobywając pożywienie i walcząc z zagrożeniami.',2,4,60,3),(134,'Rising Sun','Gra strategiczna osadzona w feudalnej Japonii, gdzie gracze rywalizują o dominację poprzez walkę, dyplomację i zdrady.',3,5,90,3),(135,'Hadara','Gra cywilizacyjna, w której gracze rozwijają swoje cywilizacje przez trzy epoki, zdobywając punkty za kulturę, technologię i wojsko.',2,5,60,3),(136,'Maracaibo','Gra strategiczna osadzona w XVII-wiecznych Karaibach, gdzie gracze eksplorują, handlują i walczą o wpływy.',1,4,150,4),(137,'Alchemists','Gra logiczna, w której gracze wcielają się w alchemików, mieszając składniki i odkrywając nowe eliksiry.',2,4,120,4),(138,'The Taverns of Tiefenthal','Gra strategiczna, w której gracze zarządzają karczmami, zatrudniają pracowników i starają się przyciągnąć jak najwięcej klientów.',2,4,60,3),(139,'Orléans: Invasion','Rozszerzenie do gry Orléans, wprowadzające nowe scenariusze, tryby gry i elementy strategiczne.',2,5,120,4),(140,'The Isle of Cats: Late Arrivals','Rozszerzenie do gry The Isle of Cats, wprowadzające dodatkowe karty, plansze i możliwości rozgrywki.',1,6,90,3),(141,'Viticulture: Visit from the Rhine Valley','Rozszerzenie do gry Viticulture, wprowadzające nowe karty gości i możliwości punktacji.',1,6,90,3),(142,'Gugong: Panjun','Rozszerzenie do gry Gugong, dodające nowe komponenty, zasady i wyzwania.',1,5,90,4),(143,'Paladins of the West Kingdom: Vassals of the West Kingdom','Rozszerzenie do gry Paladins of the West Kingdom, wprowadzające nowe elementy i mechaniki.',1,4,90,4),(144,'Raiders of the North Sea: Fields of Fame','Rozszerzenie do gry Raiders of the North Sea, dodające nowe karty, postacie i zasady.',2,4,80,3),(145,'Teotihuacan: Shadow of Xitle','Rozszerzenie do gry Teotihuacan, wprowadzające nowe technologie i budynki.',1,4,120,4),(146,'The Taverns of Tiefenthal: Open Doors','Rozszerzenie do gry The Taverns of Tiefenthal, dodające nowe karty, postacie i zasady.',2,4,60,3),(147,'Root: The Riverfolk Expansion','Rozszerzenie do gry Root, dodające nowe frakcje oraz elementy rozgrywki.',2,6,90,4),(148,'Great Western Trail: Rails to the North','Rozszerzenie do gry Great Western Trail, wprowadzające nowe plansze, karty i możliwości strategiczne.',2,4,150,4),(149,'Orléans: Trade & Intrigue','Rozszerzenie do gry Orléans, wprowadzające nowe karty, plansze i mechaniki związane z handlem i intrygami.',2,4,90,3),(150,'Cerebria: The Inside World','Gra strategiczna, w której gracze wcielają się w emocje walczące o kontrolę nad umysłem.',1,4,120,4),(151,'Glen More II: Chronicles','Gra strategiczna, w której gracze rozwijają swoje klany w Szkocji, zarządzając zasobami i budując osady.',1,4,90,3),(152,'Raiders of Scythia: The South','Rozszerzenie do gry Raiders of Scythia, dodające nowe tereny, zasady i wyzwania.',1,4,60,3),(153,'Kanban EV','Gra strategiczna osadzona w fabryce samochodów elektrycznych, gdzie gracze zarządzają produkcją i logistyką.',1,4,120,4),(154,'Pandemic: Iberia','Gra kooperacyjna osadzona w XIX-wiecznej Hiszpanii, gdzie gracze walczą z epidemiami różnych chorób.',2,5,45,3),(155,'Inis','Gra strategiczna inspirowana mitologią celtycką, w której gracze rywalizują o kontrolę nad wyspą.',2,4,90,3),(156,'Newton','Gra strategiczna, w której gracze wcielają się w XVII-wiecznych naukowców, zdobywając wiedzę i odkrywając nowe teorie.',1,4,90,4),(157,'Ankh: Gods of Egypt','Gra strategiczna osadzona w starożytnym Egipcie, gdzie gracze wcielają się w bogów walczących o dominację.',2,5,90,3),(158,'Rococo: Deluxe Edition','Gra ekonomiczna, w której gracze zarządzają pracowniami krawieckimi w XVIII-wiecznej Francji, przygotowując stroje na bal.',1,5,90,3),(159,'Barrage','Gra strategiczna, w której gracze zarządzają zasobami wodnymi, budując tamy i elektrownie wodne.',1,4,120,4),(160,'Pax Renaissance','Gra strategiczna osadzona w okresie renesansu, gdzie gracze rywalizują o wpływy w Europie poprzez handel, politykę i intrygi.',2,4,60,4),(161,'Calico','Gra logiczna, w której gracze tworzą kolorowe koce, łącząc wzory i przyciągając koty.',1,4,45,2),(162,'Circadians: First Light','Gra strategiczna osadzona w kosmosie, gdzie gracze zarządzają zasobami i eksplorują obce planety.',1,4,90,3),(163,'Underwater Cities: New Discoveries','Rozszerzenie do gry Underwater Cities, wprowadzające nowe karty, zasady i komponenty.',1,4,150,4),(164,'Troyes','Gra strategiczna, w której gracze zarządzają średniowiecznym miastem, wykorzystując kostki do wykonywania akcji.',2,4,90,4),(165,'Imperial Assault','Gra przygodowa osadzona w świecie Gwiezdnych Wojen, gdzie gracze wykonują misje i walczą z przeciwnikami.',2,5,120,3),(166,'Barrage: The Leeghwater Project','Rozszerzenie do gry Barrage, wprowadzające nowe plansze, zasady i wyzwania.',1,4,120,4),(167,'Onitama','Gra logiczna dla dwóch graczy, przypominająca szachy, w której gracze przemieszczają figury według określonych wzorów.',2,2,20,2),(168,'Carnegie','Gra ekonomiczna, w której gracze zarządzają firmami i inwestują w rozwój infrastruktury w XIX-wiecznej Ameryce.',1,4,120,4),(169,'Smartphone Inc.','Gra ekonomiczna, w której gracze zarządzają firmami produkującymi smartfony, rywalizując na globalnym rynku.',1,5,90,3),(170,'Root: The Clockwork Expansion','Rozszerzenie do gry Root, wprowadzające zautomatyzowane frakcje, które mogą być kontrolowane przez graczy lub działać jako AI.',1,6,90,4),(171,'Lisboa: The Queen\'s Edition','Rozszerzona edycja gry Lisboa, w której gracze odbudowują Lizbonę po trzęsieniu ziemi, pożarze i tsunami z 1755 roku.',1,4,120,4),(172,'The Quest for El Dorado','Gra wyścigowa, w której gracze prowadzą ekspedycje przez amazońską dżunglę w poszukiwaniu legendarnego miasta złota.',2,4,60,2),(173,'Res Arcana','Gra karciana, w której gracze wcielają się w magów rywalizujących o władzę nad magicznymi artefaktami.',2,4,60,3),(174,'Underwater Cities: Essentials','Rozszerzenie do gry Underwater Cities, dodające nowe komponenty, karty i zasady do podstawowej rozgrywki.',1,4,150,4),(175,'Clank! In! Space!','Gra przygodowa osadzona w kosmosie, gdzie gracze kradną skarby z międzygalaktycznego statku, starając się uniknąć obudzenia Lorda Eradikusa.',2,4,60,3),(176,'Cthulhu: Death May Die – Season 2','Rozszerzenie do gry Cthulhu: Death May Die, wprowadzające nowe scenariusze, bohaterów i wrogów.',1,5,90,4),(177,'Cry Havoc','Gra strategiczna, w której gracze prowadzą frakcje walczące o kontrolę nad planetą bogatą w zasoby.',2,4,90,4),(178,'Great Western Trail: Argentina','Samodzielna gra oparta na mechanice Great Western Trail, osadzona w Argentynie, gdzie gracze zarządzają hodowlą bydła i transportem.',2,4,150,4),(179,'Castles of Mad King Ludwig','Gra strategiczna, w której gracze budują zamki dla szalonego króla Ludwika II Bawarskiego, starając się spełnić jego kaprysy.',1,4,90,3),(180,'Everdell: Bellfaire','Rozszerzenie do gry Everdell, wprowadzające nowe karty, plansze i mechaniki związane z festiwalem Bellfaire.',1,4,80,3),(181,'Abyss','Gra karciana osadzona w podwodnym królestwie, gdzie gracze rywalizują o władzę, rekrutując lordów i zdobywając perły.',2,4,45,2),(182,'Food Chain Magnate','Gra ekonomiczna, w której gracze zarządzają sieciami restauracji, rywalizując o klientów i rozwój biznesu.',2,5,120,4),(183,'Endeavor: Age of Sail','Gra strategiczna, w której gracze rozwijają swoje imperia morskie, eksplorując, handlując i walcząc o wpływy.',2,5,90,4),(184,'Paladins of the West Kingdom: City of Crowns','Rozszerzenie do gry Paladins of the West Kingdom, wprowadzające nowe mechaniki związane z polityką i dyplomacją.',1,4,90,4),(185,'Viscounts of the West Kingdom','Gra strategiczna, w której gracze zarządzają swoim królestwem, zdobywając wpływy, budując budynki i rekrutując sojuszników.',1,4,90,3),(186,'The Manhattan Project: Energy Empire','Gra strategiczna, w której gracze rozwijają swoje państwa, inwestując w energię, przemysł i technologię.',1,5,120,3),(187,'Mariposas','Gra planszowa, w której gracze kierują migracją motyli monarchów przez Amerykę Północną, starając się zbierać punkty za różne etapy podróży.',2,5,45,2),(188,'Clinic: Deluxe Edition','Gra ekonomiczna, w której gracze zarządzają szpitalem, budując nowe oddziały, zatrudniając personel i lecząc pacjentów.',1,4,120,4),(189,'Lorenzo il Magnifico','Gra strategiczna osadzona w renesansowej Florencji, gdzie gracze rywalizują o wpływy, budując pałace i wspierając artystów.',2,4,90,3),(190,'Ceylon','Gra ekonomiczna, w której gracze zarządzają plantacjami herbaty na Cejlonie, rozwijając uprawy i handlując towarami.',2,4,75,3),(191,'Clans of Caledonia: New Horizons','Rozszerzenie do gry Clans of Caledonia, wprowadzające nowe klany, zasady i elementy strategiczne.',1,4,120,3),(192,'Rajas of the Ganges','Gra strategiczna osadzona w Indiach, gdzie gracze rozwijają swoje prowincje, budując pałace i zarządzając handlem.',2,4,90,3),(193,'Decrypto','Gra towarzyska, w której gracze przekazują zaszyfrowane wiadomości, starając się, by przeciwnicy ich nie odszyfrowali.',3,8,30,2),(194,'Aeon\'s End: War Eternal','Samodzielna gra z serii Aeon\'s End, w której gracze bronią miasta przed inwazją potężnych istot zwanych Nemesis.',1,4,60,3),(195,'Newton: Great Discoveries','Rozszerzenie do gry Newton, wprowadzające nowe karty, mechaniki i możliwości strategiczne.',1,4,90,4),(196,'Marco Polo II: In the Service of the Khan','Kontynuacja gry The Voyages of Marco Polo, w której gracze podróżują po Azji, wykonując misje dla chana.',2,4,120,4),(197,'Clinic: The Expansion','Rozszerzenie do gry Clinic, wprowadzające nowe oddziały, personel i scenariusze.',1,4,120,4),(198,'Darwin\'s Journey','Gra strategiczna, w której gracze podążają śladami Charlesa Darwina, odkrywając nowe gatunki i rozwijając teorie ewolucji.',1,4,120,4),(199,'Paladins of the West Kingdom: The Age of Artisans','Rozszerzenie do gry Paladins of the West Kingdom, wprowadzające nowe mechaniki związane z rzemiosłem i sztuką.',1,4,90,3),(200,'Praga Caput Regni','Gra strategiczna, w której gracze rozwijają średniowieczną Pragę, budując mosty, mury i inne struktury, aby zdobywać punkty zwycięstwa.',1,4,120,4);
/*!40000 ALTER TABLE `games` ENABLE KEYS */;
UNLOCK TABLES;

--
-- Table structure for table `mechanics`
--

DROP TABLE IF EXISTS `mechanics`;
/*!40101 SET @saved_cs_client     = @@character_set_client */;
/*!50503 SET character_set_client = utf8mb4 */;
CREATE TABLE `mechanics` (
  `id_mechanics` int(11) NOT NULL,
  `name` varchar(255) DEFAULT NULL,
  `description` varchar(255) DEFAULT NULL,
  PRIMARY KEY (`id_mechanics`)
) ENGINE=InnoDB DEFAULT CHARSET=utf8mb4;
/*!40101 SET character_set_client = @saved_cs_client */;

--
-- Dumping data for table `mechanics`
--

LOCK TABLES `mechanics` WRITE;
/*!40000 ALTER TABLE `mechanics` DISABLE KEYS */;
INSERT INTO `mechanics` VALUES (1,'Worker Placement','Gracze przydzielają swoich pracowników do różnych zadań lub miejsc na planszy, aby uzyskać zasoby lub wykonać akcje.'),(2,'Deck Building','Gracze budują własne talie kart podczas gry, kupując nowe karty, które dodają do swoich talii.'),(3,'Area Control','Gracze rywalizują o kontrolę nad określonymi obszarami na planszy, zdobywając punkty za dominację w tych regionach.'),(4,'Tile Placement','Gracze układają kafelki na planszy, tworząc różne układy, które przynoszą korzyści lub punkty.'),(5,'Drafting','Gracze wybierają karty lub inne elementy z ograniczonej puli, starając się optymalizować swoje wybory względem strategii.'),(6,'Set Collection','Gracze zbierają zestawy kart lub innych elementów, które przynoszą punkty lub specjalne zdolności, gdy są skompletowane.'),(7,'Role Playing','Gracze wcielają się w postacie z unikalnymi zdolnościami i wykonują różne zadania w fabularnym kontekście.'),(8,'Dice Rolling','Gracze używają kości do określania wyników akcji, wpływając na strategię poprzez losowość.'),(9,'Cooperative Play','Gracze współpracują, aby osiągnąć wspólny cel, rywalizując z mechanikami gry, a nie między sobą.'),(10,'Resource Management','Gracze zarządzają ograniczonymi zasobami, aby jak najefektywniej realizować cele i zdobywać punkty.'),(11,'Hand Management','Gracze zarządzają swoimi kartami, starając się optymalnie wykorzystać ich zdolności i efekty.'),(12,'Variable Player Powers','Każdy gracz ma unikalne zdolności lub cechy, które wpływają na strategię gry.'),(13,'Hidden Movement','Ruchy jednego lub kilku graczy są ukryte przed innymi, co dodaje element niepewności i dedukcji.'),(14,'Grid Movement','Gracze poruszają swoje pionki po planszy składającej się z siatki pól, planując ruchy strategicznie.'),(15,'Pattern Building','Gracze starają się tworzyć określone wzory na planszy, aby zdobywać punkty lub osiągać cele.'),(16,'Campaign/Legacy','Gracze rozgrywają wiele scenariuszy, a ich decyzje mają trwały wpływ na przyszłe rozgrywki.'),(17,'Storytelling','Gra koncentruje się na narracji, a gracze wspólnie tworzą historię poprzez swoje decyzje.'),(18,'Auction/Bidding','Gracze licytują przedmioty lub akcje, starając się zdobyć je za jak najniższą cenę.'),(19,'Real-Time','Gracze wykonują akcje jednocześnie lub w określonym limicie czasu.'),(20,'Pick-up and Deliver','Gracze transportują zasoby z jednego miejsca na inne, zdobywając za to punkty.'),(21,'Modular Board','Plansza gry składa się z modułów, które można układać w różny sposób, tworząc różne układy.'),(22,'Betting/Wagering','Gracze obstawiają wyniki różnych zdarzeń w grze.'),(23,'Memory','Gracze muszą pamiętać informacje, aby skutecznie podejmować decyzje.'),(24,'Simulation','Gra stara się wiernie odwzorować rzeczywiste lub fikcyjne systemy i ich działanie.'),(25,'Trick-taking','Gracze starają się wygrywać rundy (lewy) poprzez zagrywanie kart o wyższej wartości.'),(26,'Press Your Luck','Gracze decydują, czy kontynuować ryzykowne akcje, zyskując więcej lub tracąc wszystko.'),(27,'Variable Setup','Gra oferuje różne początkowe ustawienia, co zwiększa regrywalność.'),(28,'Asymmetric Gameplay','Każdy gracz ma inne zdolności, cele lub zasoby, co prowadzi do różnorodnych strategii.'),(29,'Time Track','Czas gry jest zarządzany poprzez specjalny tor lub mechanizm, wpływający na dostępne akcje.'),(30,'Action Points','Gracze mają określoną liczbę punktów akcji do wykorzystania w swojej turze, które mogą przeznaczyć na różne działania.');
/*!40000 ALTER TABLE `mechanics` ENABLE KEYS */;
UNLOCK TABLES;

--
-- Table structure for table `publisher`
--

DROP TABLE IF EXISTS `publisher`;
/*!40101 SET @saved_cs_client     = @@character_set_client */;
/*!50503 SET character_set_client = utf8mb4 */;
CREATE TABLE `publisher` (
  `id_publisher` int(11) NOT NULL,
  `name` varchar(255) DEFAULT NULL,
  PRIMARY KEY (`id_publisher`)
) ENGINE=InnoDB DEFAULT CHARSET=utf8mb4;
/*!40101 SET character_set_client = @saved_cs_client */;

--
-- Dumping data for table `publisher`
--

LOCK TABLES `publisher` WRITE;
/*!40000 ALTER TABLE `publisher` DISABLE KEYS */;
INSERT INTO `publisher` VALUES (1,'Column2'),(2,'Kosmos'),(3,'Z-Man Games'),(4,'Days of Wonder'),(5,'Hans im Glück'),(6,'Rio Grande Games'),(7,'Repos Production'),(8,'Stronghold Games'),(9,'Cephalofair Games'),(10,'Plan B Games'),(11,'Stonemaier Games'),(12,'Alea'),(13,'Space Cowboys'),(14,'Czech Games Edition'),(15,'FryxGames'),(16,'Leder Games'),(17,'Lookout Games'),(18,'GMT Games'),(19,'North Star Games'),(20,'Starling Games'),(21,'Ravensburger'),(22,'Cool Mini or Not'),(23,'Libellud'),(24,'Roxley Games'),(25,'Renegade Game Studios'),(26,'Greater Than Games'),(27,'Portal Games'),(28,'Next Move Games'),(29,'Eagle-Gryphon Games'),(30,'The City of Games'),(31,'Fantasy Flight Games'),(32,'Avalon Hill'),(33,'Mayfair Games'),(34,'Awaken Realms'),(35,'Eggertspiele'),(36,'PD-Verlag'),(37,'Garphill Games'),(38,'Mindclash Games'),(39,'Lautapelit.fi'),(40,'Lucky Duck Games'),(41,'Matagot'),(42,'CMON Limited'),(43,'Giochi Uniti'),(44,'Pegasus Spiele'),(45,'Capstone Games'),(46,'Pandasaurus Games'),(47,'Indie Boards & Cards'),(48,'Alderac Entertainment Group'),(49,'Plaid Hat Games'),(50,'Deep Water Games'),(51,'IELLO'),(52,'Asmadi Games'),(53,'White Wizard Games'),(54,'Bezier Games'),(55,'Fireside Games'),(56,'WizKids'),(57,'FryxGames'),(58,'Lookout Games'),(59,'Renegade Game Studios'),(60,'Plan B Games'),(61,'Mindclash Games'),(62,'Next Move Games'),(63,'Garphill Games'),(64,'Days of Wonder'),(65,'Fantasy Flight Games'),(66,'Capstone Games'),(67,'Roxley Games'),(68,'Awaken Realms'),(69,'Pandasaurus Games'),(70,'CMON Limited'),(71,'Deep Water Games'),(72,'Rio Grande Games');
/*!40000 ALTER TABLE `publisher` ENABLE KEYS */;
UNLOCK TABLES;

--
-- Table structure for table `user`
--

DROP TABLE IF EXISTS `user`;
/*!40101 SET @saved_cs_client     = @@character_set_client */;
/*!50503 SET character_set_client = utf8mb4 */;
CREATE TABLE `user` (
  `id_user` int(11) NOT NULL,
  `username` varchar(255) NOT NULL,
  `email` varchar(255) NOT NULL,
  `password` varchar(255) NOT NULL,
  `first_name` varchar(255) DEFAULT NULL,
  `last_name` varchar(255) DEFAULT NULL,
  PRIMARY KEY (`id_user`)
) ENGINE=InnoDB DEFAULT CHARSET=utf8mb4;
/*!40101 SET character_set_client = @saved_cs_client */;

--
-- Dumping data for table `user`
--

LOCK TABLES `user` WRITE;
/*!40000 ALTER TABLE `user` DISABLE KEYS */;
INSERT INTO `user` VALUES (1,'john_doe','john.doe@example.com','password123','John','Doe'),(2,'jane_smith','jane.smith@example.com','password456','Jane','Smith'),(3,'alex_jones','alex.jones@example.com','password789','Alex','Jones'),(4,'emily_davis','emily.davis@example.com','password321','Emily','Davis'),(5,'michael_brown','michael.brown@example.com','password654','Michael','Brown');
/*!40000 ALTER TABLE `user` ENABLE KEYS */;
UNLOCK TABLES;

--
-- Table structure for table `versions`
--

DROP TABLE IF EXISTS `versions`;
/*!40101 SET @saved_cs_client     = @@character_set_client */;
/*!50503 SET character_set_client = utf8mb4 */;
CREATE TABLE `versions` (
  `id_versions` int(11) NOT NULL,
  `id_game` int(11) DEFAULT NULL,
  `version_number` int(11) DEFAULT NULL,
  `release_date` date DEFAULT NULL,
  `id_publisher` int(11) DEFAULT NULL,
  `components` varchar(255) DEFAULT NULL,
  PRIMARY KEY (`id_versions`),
  KEY `publisher_idx` (`id_publisher`),
  KEY `game_idx` (`id_game`),
  CONSTRAINT `fk_versions_game` FOREIGN KEY (`id_game`) REFERENCES `games` (`id_games`) ON DELETE NO ACTION ON UPDATE NO ACTION,
  CONSTRAINT `fk_versions_publisher` FOREIGN KEY (`id_publisher`) REFERENCES `publisher` (`id_publisher`) ON DELETE NO ACTION ON UPDATE NO ACTION
) ENGINE=InnoDB DEFAULT CHARSET=utf8mb4;
/*!40101 SET character_set_client = @saved_cs_client */;

--
-- Dumping data for table `versions`
--

LOCK TABLES `versions` WRITE;
/*!40000 ALTER TABLE `versions` DISABLE KEYS */;
INSERT INTO `versions` VALUES (1,1,1,'2020-01-01',2,'Plansza, karty zasobów, osady, drogi, miasta, kostki'),(2,2,1,'2020-02-01',3,'Plansza, kostki chorób, karty ról, karty graczy, karty pomocy, pionki'),(3,3,1,'2020-03-01',4,'Plansza, karty pociągów, karty tras, plastikowe pociągi, znaczniki punktacji'),(4,4,1,'2020-04-01',5,'Plansza, kafelki, meeple, tor punktacji'),(5,5,1,'2020-05-01',6,'Karty królestwa, karty skarbów, karty zwycięstwa, klątwy, plansze graczy'),(6,6,1,'2020-06-01',7,'Plansza, karty cudów, monety, karty zasobów, znaczniki militarne'),(7,7,1,'2020-07-01',8,'Plansza, karty projektów, kostki zasobów, plansze graczy, kafelki'),(8,8,1,'2020-08-01',9,'Plansza, karty postaci, karty umiejętności, figurki, księga scenariuszy'),(9,9,1,'2020-09-01',10,'Plansza, kafelki, plansze graczy, znaczniki punktów, kostki zasobów'),(10,10,1,'2020-10-01',11,'Plansza, karty ptaków, żetony jedzenia, miniaturowe jajka, wieża kości'),(11,11,1,'2020-11-01',12,'Plansza, kafelki, plansze graczy, kostki, żetony, karty'),(12,12,1,'2020-12-01',13,'Plansza, karty rozwoju, żetony klejnotów, kafelki szlachty'),(13,13,1,'2021-01-01',14,'Plansza, karty kodów, karty agentów, karty kluczy, timer'),(14,14,1,'2021-02-01',15,'Plansza, plansze frakcji, plansze graczy, żetony, karty, figurki'),(15,15,1,'2021-03-01',8,'Plansza, karty projektów, kostki zasobów, plansze graczy, kafelki'),(16,16,1,'2021-04-01',16,'Plansza, karty frakcji, plansze graczy, żetony, karty'),(17,17,1,'2021-05-01',17,'Plansza, żetony zasobów, żetony zwierząt, karty, plansze graczy'),(18,18,1,'2021-06-01',18,'Plansza, znaczniki wpływów, karty wydarzeń, karty krajów, kostki'),(19,19,1,'2021-07-01',19,'Plansza, żetony składników, plansze kociołków, żetony'),(20,20,1,'2021-08-01',20,'Plansza, żetony zasobów, karty stworzeń i budynków, karty wydarzeń'),(21,21,1,'2021-09-01',21,'Plansza, karty ról, kafelki plantacji, plansze graczy, zasoby, monety'),(22,22,1,'2021-10-01',22,'Plansza, arkusze klanów, figurki, żetony, karty'),(23,23,1,'2021-11-01',23,'Plansza, maty winnic, żetony, żetony winogron i wina, karty'),(24,24,1,'2021-12-01',24,'Plansza, karty z obrazkami, żetony do głosowania, tor punktacji'),(25,25,1,'2022-01-01',25,'Plansza, kafelki lokacji, karty artefaktów, żetony zasobów, plansze graczy'),(26,26,1,'2022-02-01',26,'Plansza, kafelki przemysłu, żetony pieniędzy, karty, plansze graczy'),(27,27,1,'2022-03-01',27,'Plansza, kafelki lochów, karty przygód, pionki graczy, żetony'),(28,28,1,'2022-04-01',28,'Plansza, panele duchów, karty mocy, żetony strachu, markery obecności'),(29,29,1,'2022-05-01',29,'Plansza, kafelki technologii, żetony planet, żetony zasobów, plansze graczy'),(30,30,1,'2022-06-01',30,'Plansza, łatki, guziki, żetony czasu, plansze kołder'),(31,31,1,'2022-07-01',19,'Plansza, karty misji, żetony komunikacji, żetony zadań, karty graczy'),(32,32,1,'2022-08-01',32,'Plansza, kafelki domina, meeple króla, plansze graczy, żetony punktacji'),(33,33,1,'2022-09-01',14,'Plansza, kafelki kolonii, miniatury statków kosmicznych, kostki zasobów, karty, plansze graczy'),(34,34,1,'2022-10-01',29,'Plansza, kafelki kotów, plansze łodzi, żetony skarbów, karty odkryć'),(35,35,1,'2022-11-01',30,'Plansza, kafelki pokoi, miniatury badaczy, miniatury potworów, karty scenariuszy, żetony wskazówek'),(36,36,1,'2022-12-01',31,'Plansza, kafelki pokoi, miniatury postaci, karty zdrajców, karty wydarzeń, żetony'),(37,37,1,'2023-01-01',17,'Plansza, kafelki farm, żetony zwierząt, żetony zasobów, plansze graczy, karty'),(38,38,1,'2023-02-01',21,'Plansza, broszury spraw, mapa Londynu, gazety, żetony'),(39,39,1,'2023-03-01',33,'Plansza, karty spotkań, miniatury postaci, żetony zasobów, plansze graczy, księga opowieści'),(40,40,1,'2023-04-01',24,'Plansza, kafelki bydła, kafelki budynków, miniatury pracowników, karty, plansze graczy'),(41,41,1,'2023-05-01',35,'Plansza, karty miast, żetony zasobów, miniatury kolonistów, plansze graczy'),(42,42,1,'2023-06-01',37,'Plansza, karty budynków, meeple pracowników, żetony zasobów, plansze graczy, tor cnót'),(43,43,1,'2023-07-01',37,'Plansza, karty paladynów, meeple pracowników, żetony zasobów, plansze graczy, karty podejrzeń'),(44,44,1,'2023-08-01',37,'Plansza, karty najeźdźców, żetony statków, meeple załogi, żetony zasobów, plansze graczy'),(45,45,1,'2023-09-01',38,'Plansza, kafelki budynków, miniatury egzoszkieletów, żetony zasobów, karty, plansze graczy'),(46,46,1,'2023-10-01',26,'Plansza, kafelki przemysłu, żetony pieniędzy, karty, plansze graczy'),(47,47,1,'2023-11-01',26,'Plansza, karty rozwoju, kafelki planet, żetony punktów zwycięstwa, plansze graczy'),(48,48,1,'2023-12-01',30,'Plansza, miniatury statków kosmicznych, kafelki układów gwiezdnych, żetony zasobów, plansze graczy'),(49,49,1,'2024-01-01',18,'Plansza, karty scenariuszy, żetony zasobów, miniatury postaci, plansze graczy, księga opowieści'),(50,50,1,'2024-02-01',39,'Plansza, karty spraw, karty postaci, żetony dowodów, kafelki lokacji, gogle VR'),(51,51,1,'2024-03-01',10,'Plansza, maty cywilizacji, kafelki budynków, żetony graczy, karty osiągnięć'),(52,52,1,'2024-04-01',10,'Plansza, karty ptaków, żetony jedzenia, miniaturowe jajka, wieża kości'),(53,53,1,'2024-05-01',44,'Plansza, kafelki przemysłu, żetony pracowników, żetony statków, kostki zasobów, karty, plansze graczy'),(54,54,1,'2024-06-01',30,'Plansza, karty badaczy, karty scenariuszy, miniatury potworów, kafelki lokacji, żetony'),(55,55,1,'2024-07-01',12,'Plansza, karty bohaterów, karty jednostek, karty artefaktów, miniatury, żetony zasobów'),(56,56,1,'2024-08-01',16,'Plansza, karty frakcji, plansze graczy, żetony, karty'),(57,57,1,'2024-09-01',26,'Żetony żelaznych monet, kafelki przemysłu, żetony pieniędzy, karty, plansze graczy'),(58,58,1,'2024-10-01',29,'Plansza, żetony zasobów, karty stworzeń i budynków, karty wydarzeń, żetony pereł'),(59,59,1,'2024-11-01',15,'Plansza, maty frakcji, maty graczy, żetony, karty, miniatury'),(60,60,1,'2024-12-01',36,'Plansza, karty bohaterów, karty złoczyńców, karty spotkań, żetony, miniatury'),(61,61,1,'2025-01-01',41,'Plansza, plansze frakcji, kafelki budynków, żetony zasobów, żetony mocy, karty'),(62,62,1,'2025-02-01',17,'Plansza, plansze akcji, kafelki zasobów, kafelki zwierząt, karty, plansze graczy'),(63,63,1,'2025-03-01',30,'Plansza, arkusze frakcji, miniatury, żetony, karty, kostki'),(64,64,1,'2025-04-01',26,'Plansza, karty cywilizacji, karty przywódców, żetony zasobów, kafelki cudów, plansze graczy'),(65,65,1,'2025-05-01',30,'Plansza, arkusze frakcji, miniatury, żetony, karty, kostki'),(66,66,1,'2025-06-01',17,'Plansza, karty plemion, karty szpiegów, kostki wpływów, żetony zasobów, plansze graczy'),(67,67,1,'2025-07-01',23,'Plansza, maty winnic, beczki na wino, żetony winogron, żetony wina, karty'),(68,68,1,'2025-08-01',30,'Plansza, arkusze postaci, miniatury, karty zdrajców, karty wydarzeń, żetony'),(69,69,1,'2025-09-01',41,'Plansza, kafelki akcji, kafelki zasobów, kafelki budynków, plansze graczy, karty'),(70,70,1,'2025-10-01',41,'Plansza, koła akcji, kafelki zasobów, kafelki budynków, plansze graczy, karty'),(71,71,1,'2025-11-01',26,'Plansza, karty magów, karty zaklęć, miniatury, kostki, żetony'),(72,72,1,'2025-12-01',26,'Plansza, karty frakcji, kafelki budynków, żetony zasobów, plansze graczy, karty'),(73,73,1,'2026-01-01',33,'Plansza, arkusze postaci, miniatury, karty spotkań, karty przedmiotów, żetony'),(74,74,1,'2026-02-01',26,'Plansza, kafelki przemysłu, żetony pieniędzy, karty, plansze graczy'),(75,75,1,'2026-03-01',30,'Plansza, miniatury statków, tarcze manewrów, kostki, karty, żetony'),(76,76,1,'2026-04-01',43,'Plansza, arkusze frakcji, miniatury, żetony przypraw, karty, plansze graczy'),(77,77,1,'2026-05-01',44,'Plansza, karty Nemesis, karty graczy, żetony klejnotów, żetony życia, karty rynku'),(78,78,1,'2026-06-01',23,'Plansza, kafelki regionów, kafelki liderów, kafelki budynków, plansze graczy, karty'),(79,79,1,'2026-07-01',19,'Plansza, karty misji, żetony komunikacyjne, żetony zadań, karty graczy'),(80,80,1,'2026-08-01',36,'Plansza, karty bohaterów, karty złoczyńców, karty spotkań, żetony, miniatury'),(81,81,1,'2026-09-01',33,'Plansza, arkusze postaci, miniatury, karty spotkań, karty przedmiotów, żetony'),(82,82,1,'2026-10-01',43,'Plansza, arkusze frakcji, miniatury, żetony przypraw, karty, plansze graczy'),(83,83,1,'2026-11-01',25,'Plansza, kafelki lokacji, karty artefaktów, żetony zasobów, karty liderów, plansze graczy'),(84,84,1,'2026-12-01',44,'Plansza, karty kontraktów, żetony zasobów, kostki, plansze graczy, karty podróży'),(85,85,1,'2027-01-01',29,'Plansza, kafelki technologii, żetony planet, żetony zasobów, plansze graczy'),(86,86,1,'2027-02-01',12,'Plansza, karty sztuki, karty kupujących, miniatury artystów, karty kontraktów, żetony pieniędzy'),(87,87,1,'2027-03-01',30,'Plansza, arkusze frakcji, miniatury, kostki, karty, żetony, pierścień'),(88,88,1,'2027-04-01',23,'Plansza, kafelki przemysłu, żetony pieniędzy, żetony żelaznych monet, karty, plansze graczy'),(89,89,1,'2027-05-01',33,'Plansza, arkusze postaci, miniatury, karty spotkań, karty przedmiotów, żetony'),(90,90,1,'2027-06-01',30,'Plansza, arkusze postaci, miniatury, karty szaleństwa, karty spotkań, żetony'),(91,91,1,'2027-07-01',44,'Plansza, kafelki miast, żetony zasobów, karty, plansze graczy'),(92,92,1,'2027-08-01',30,'Plansza, karty badaczy, karty scenariuszy, miniatury potworów, kafelki lokacji, żetony'),(93,93,1,'2027-09-01',30,'Plansza, arkusze postaci, miniatury statków, karty zadań, karty spotkań, żetony'),(94,94,1,'2027-10-01',38,'Plansza, kafelki budynków, miniatury egzoszkieletów, żetony zasobów, karty, plansze graczy'),(95,95,1,'2027-11-01',16,'Plansza, karty frakcji, plansze graczy, żetony, karty'),(96,96,1,'2027-12-01',3,'Plansza, kostki chorób, karty ról, karty graczy, karty pomocy, pionki'),(97,97,1,'2028-01-01',30,'Plansza, miniatury statków kosmicznych, kafelki układów gwiezdnych, żetony zasobów, plansze graczy'),(98,98,1,'2028-02-01',14,'Plansza, karty projektów, kostki zasobów, plansze graczy, kafelki'),(99,99,1,'2028-03-01',8,'Plansza, karty postaci, karty umiejętności, figurki, księga scenariuszy'),(100,100,1,'2028-04-01',6,'Plansza, karty cudów, monety, karty zasobów, znaczniki militarne'),(101,101,1,'2028-05-01',28,'Plansza, panele duchów, karty mocy, żetony strachu, markery obecności'),(102,102,1,'2028-06-01',10,'Plansza, karty ptaków, żetony jedzenia, miniaturowe jajka, wieża kości'),(103,103,1,'2028-07-01',30,'Plansza, arkusze frakcji, miniatury, żetony, karty, kostki'),(104,104,1,'2028-08-01',6,'Karty królestwa, karty skarbów, karty zwycięstwa, klątwy, plansze graczy'),(105,105,1,'2028-09-01',10,'Plansza, kafelki, plansze graczy, znaczniki punktów, kostki zasobów'),(106,106,1,'2028-10-01',10,'Plansza, karty ptaków, żetony jedzenia, miniaturowe jajka, wieża kości'),(107,107,1,'2028-11-01',10,'Plansza, kafelki, plansze graczy, znaczniki punktów, kostki zasobów'),(108,108,1,'2028-12-01',29,'Plansza, żetony zasobów, karty stworzeń i budynków, karty wydarzeń'),(109,109,1,'2029-01-01',33,'Plansza, arkusze postaci, miniatury, karty spotkań, karty przedmiotów, żetony'),(110,110,1,'2029-02-01',17,'Plansza, kafelki farm, żetony zwierząt, żetony zasobów, plansze graczy, karty'),(111,111,1,'2029-03-01',14,'Plansza, karty projektów, kostki zasobów, plansze graczy, kafelki'),(112,112,1,'2029-04-01',8,'Plansza, karty postaci, karty umiejętności, figurki, księga scenariuszy'),(113,113,1,'2029-05-01',23,'Plansza, maty winnic, żetony, żetony winogron i wina, karty'),(114,114,1,'2029-06-01',30,'Plansza, miniatury statków kosmicznych, kafelki układów gwiezdnych, żetony zasobów, plansze graczy'),(115,115,1,'2029-07-01',18,'Plansza, karty scenariuszy, żetony zasobów, miniatury postaci, plansze graczy, księga opowieści'),(116,116,1,'2029-08-01',23,'Plansza, arkusze klanów, żetony zasobów, kafelki kontraktów, plansze graczy, karty'),(117,117,1,'2029-09-01',26,'Plansza, karty celów życiowych, karty pracy, karty partnerów, żetony zasobów, plansze graczy'),(118,118,1,'2029-10-01',39,'Plansza, maty rodzin, żetony sług, karty gości, karty wydarzeń, żetony zasobów'),(119,119,1,'2029-11-01',37,'Plansza, karty paladynów, meeple pracowników, żetony zasobów, plansze graczy, karty podejrzeń'),(120,120,1,'2029-12-01',44,'Plansza, kafelki budynków, żetony zasobów, plansze graczy, karty'),(121,121,1,'2030-01-01',33,'Plansza, arkusze postaci, miniatury, karty spotkań, karty przedmiotów, żetony'),(122,122,1,'2030-02-01',41,'Plansza, kafelki akcji, kafelki zasobów, kafelki budynków, plansze graczy, karty'),(123,123,1,'2030-03-01',18,'Plansza, karty scenariuszy, żetony zasobów, miniatury postaci, plansze graczy, księga opowieści'),(124,124,1,'2030-04-01',43,'Plansza, karty prezentów, kafelki postaci, żetony zasobów, plansze graczy, karty'),(125,125,1,'2030-05-01',44,'Plansza, karty magików, kafelki trików, żetony zasobów, plansze graczy, karty'),(126,126,1,'2030-06-01',37,'Plansza, kafelki robotników, żetony zasobów, kafelki technologii, plansze graczy, karty'),(127,127,1,'2030-07-01',19,'Plansza, żetony składników, plansze kociołków, żetony, kafelki wiedźm, karty'),(128,128,1,'2030-08-01',44,'Plansza, miniatury statków, kafelki planet, żetony robotów, plansze graczy, karty'),(129,129,1,'2030-09-01',37,'Plansza, karty najeźdźców, żetony statków, meeple załogi, żetony zasobów, plansze graczy'),(130,130,1,'2030-10-01',43,'Plansza, kafelki budynków, żetony zasobów, żetony statków, plansze graczy, karty'),(131,131,1,'2030-11-01',40,'Plansza, żetony zasobów, kafelki wysp, plansze graczy, karty'),(132,132,1,'2030-12-01',44,'Plansza, żetony piwa, meeple pracowników, kafelki zasobów, plansze graczy, karty'),(133,133,1,'2031-01-01',41,'Plansza, karty plemion, żetony zasobów, kafelki zwierząt, plansze graczy, karty'),(134,134,1,'2031-02-01',22,'Plansza, arkusze klanów, miniatury, żetony, karty, plansze graczy'),(135,135,1,'2031-03-01',40,'Plansza, maty cywilizacji, kafelki budynków, żetony zasobów, plansze graczy, karty'),(136,136,1,'2031-04-01',44,'Plansza, kafelki statków, żetony zasobów, karty misji, plansze graczy, karty'),(137,137,1,'2031-05-01',13,'Plansza, kafelki składników, karty eksperymentów, plansze graczy, żetony'),(138,138,1,'2031-06-01',44,'Plansza, kafelki tawern, karty gości, żetony zasobów, plansze graczy, kostki'),(139,139,1,'2031-07-01',37,'Plansza, kafelki robotników, żetony zasobów, kafelki technologii, plansze graczy, karty'),(140,140,1,'2031-08-01',29,'Plansza, kafelki kotów, plansze łodzi, żetony skarbów, karty odkryć'),(141,141,1,'2031-09-01',23,'Plansza, maty winnic, żetony, żetony winogron i wina, karty gości'),(142,142,1,'2031-10-01',43,'Plansza, karty prezentów, kafelki postaci, żetony zasobów, plansze graczy, karty'),(143,143,1,'2031-11-01',37,'Plansza, karty paladynów, meeple pracowników, żetony zasobów, plansze graczy, karty podejrzeń'),(144,144,1,'2031-12-01',37,'Plansza, karty najeźdźców, żetony statków, meeple załogi, żetony zasobów, plansze graczy'),(145,145,1,'2032-01-01',41,'Plansza, kafelki akcji, kafelki zasobów, kafelki budynków, plansze graczy, karty'),(146,146,1,'2032-02-01',44,'Plansza, kafelki tawern, karty gości, żetony zasobów, plansze graczy, kostki'),(147,147,1,'2032-03-01',16,'Plansza, karty frakcji, plansze graczy, żetony, karty'),(148,148,1,'2032-04-01',24,'Plansza, kafelki bydła, kafelki budynków, miniatury pracowników, karty, plansze graczy'),(149,149,1,'2032-05-01',37,'Plansza, kafelki robotników, żetony zasobów, kafelki technologii, plansze graczy, karty'),(150,150,1,'2032-06-01',44,'Plansza, karty emocji, żetony fragmentów, plansze graczy, kostki, karty esencji'),(151,151,1,'2032-07-01',17,'Plansza, kafelki klanów, żetony zasobów, kafelki postaci, plansze graczy, karty'),(152,152,1,'2032-08-01',37,'Plansza, karty najeźdźców, żetony statków, meeple załogi, żetony zasobów, plansze graczy'),(153,153,1,'2032-09-01',44,'Plansza, kafelki pojazdów, meeple pracowników, żetony zasobów, plansze graczy, karty'),(154,154,1,'2032-10-01',3,'Plansza, kostki chorób, karty ról, karty graczy, karty pomocy, pionki'),(155,155,1,'2032-11-01',43,'Plansza, kafelki terytoriów, miniatury klanów, karty akcji, plansze graczy, żetony'),(156,156,1,'2032-12-01',44,'Plansza, kafelki wiedzy, żetony naukowców, kafelki książek, plansze graczy, karty'),(157,157,1,'2033-01-01',21,'Plansza, miniatury bogów, żetony wojowników, żetony zasobów, plansze graczy, karty'),(158,158,1,'2033-02-01',41,'Plansza, kafelki materiałów, meeple pracowników, kafelki sukienek, plansze graczy, karty'),(159,159,1,'2033-03-01',41,'Plansza, kafelki tam, meeple inżynierów, żetony zasobów, plansze graczy, karty'),(160,160,1,'2033-04-01',44,'Plansza, kafelki regionów, karty liderów, żetony kupców, plansze graczy, karty'),(161,161,1,'2033-05-01',44,'Plansza, kafelki łat, żetony guzików, żetony kotów, plansze graczy, karty'),(162,162,1,'2033-06-01',37,'Plansza, kafelki planet, żetony pracowników, kostki, plansze graczy, karty'),(163,163,1,'2033-07-01',44,'Plansza, kafelki miast, żetony zasobów, karty, plansze graczy'),(164,164,1,'2033-08-01',18,'Plansza, kostki, kafelki robotników, kafelki budynków, żetony zasobów, plansze graczy, karty'),(165,165,1,'2033-09-01',30,'Plansza, karty postaci, karty scenariuszy, miniatury, żetony, kafelki mapy'),(166,166,1,'2033-10-01',41,'Plansza, kafelki tam, meeple inżynierów, żetony zasobów, plansze graczy, karty'),(167,167,1,'2033-11-01',44,'Plansza, kafelki pionków, karty ruchu, plansze graczy, żetony'),(168,168,1,'2033-12-01',43,'Plansza, kafelki działów, meeple pracowników, kafelki projektów, plansze graczy, karty'),(169,169,1,'2034-01-01',44,'Plansza, kafelki telefonów, żetony pracowników, karty rynku, plansze graczy, żetony zasobów'),(170,170,1,'2034-02-01',16,'Plansza, karty frakcji, plansze graczy, żetony, karty'),(171,171,1,'2034-03-01',43,'Plansza, kafelki budynków, żetony zasobów, żetony statków, plansze graczy, karty'),(172,172,1,'2034-04-01',43,'Plansza, kafelki mapy, żetony odkrywców, karty zasobów, plansze graczy, karty'),(173,173,1,'2034-05-01',44,'Plansza, karty artefaktów, żetony esencji, żetony magów, plansze graczy, karty'),(174,174,1,'2034-06-01',44,'Plansza, kafelki miast, żetony zasobów, karty, plansze graczy'),(175,175,1,'2034-07-01',27,'Plansza, kafelki statków kosmicznych, miniatury załogi, karty przedmiotów, żetony zasobów, plansze graczy, karty'),(176,176,1,'2034-08-01',33,'Plansza, karty badaczy, karty scenariuszy, miniatury potworów, kafelki lokacji, żetony'),(177,177,1,'2034-09-01',18,'Plansza, kafelki frakcji, karty walki, żetony zasobów, miniatury, plansze graczy'),(178,178,1,'2034-10-01',24,'Plansza, kafelki bydła, kafelki budynków, miniatury pracowników, karty, plansze graczy'),(179,179,1,'2034-11-01',44,'Plansza, kafelki pokoi, karty budynków, żetony graczy, żetony zasobów, plansze graczy'),(180,180,1,'2034-12-01',29,'Plansza, żetony zasobów, karty stworzeń i budynków, karty wydarzeń, plansze graczy, karty'),(181,181,1,'2035-01-01',43,'Plansza, karty lordów, kafelki lokacji, żetony pereł, plansze graczy, karty'),(182,182,1,'2035-02-01',44,'Plansza, kafelki restauracji, karty pracowników, karty marketingowe, żetony zasobów, plansze graczy, żetony pieniędzy'),(183,183,1,'2035-03-01',43,'Plansza, kafelki statków, żetony handlu, żetony zasobów, plansze graczy, karty'),(184,184,1,'2035-04-01',37,'Plansza, karty paladynów, meeple pracowników, żetony zasobów, plansze graczy, karty podejrzeń'),(185,185,1,'2035-05-01',37,'Plansza, kafelki budynków, karty postaci, żetony zasobów, plansze graczy, karty'),(186,186,1,'2035-06-01',44,'Plansza, kafelki budynków, meeple pracowników, żetony zasobów, plansze graczy, karty'),(187,187,1,'2035-07-01',43,'Plansza, żetony motyli, żetony kwiatów, karty migracji, plansze graczy, karty'),(188,188,1,'2035-08-01',44,'Plansza, kafelki kliniki, meeple lekarzy, żetony pacjentów, plansze graczy, karty'),(189,189,1,'2035-09-01',13,'Plansza, kafelki budynków, żetony zasobów, karty postaci, plansze graczy, karty'),(190,190,1,'2035-10-01',43,'Plansza, kafelki plantacji, żetony herbaty, meeple pracowników, plansze graczy, karty'),(191,191,1,'2035-11-01',23,'Plansza, maty klanów, żetony zasobów, kafelki kontraktów, plansze graczy, karty'),(192,192,1,'2035-12-01',44,'Plansza, kafelki budynków, żetony rzeki, żetony zasobów, plansze graczy, kostki, karty'),(193,193,1,'2036-01-01',43,'Plansza, karty kodów, karty ekranu, karty słów kluczowych, plansze graczy, żetony'),(194,194,1,'2036-02-01',44,'Plansza, karty Nemesis, karty graczy, żetony klejnotów, żetony życia, karty rynku'),(195,195,1,'2036-03-01',44,'Plansza, kafelki wiedzy, żetony naukowców, kafelki książek, plansze graczy, karty'),(196,196,1,'2036-04-01',44,'Plansza, karty kontraktów, żetony zasobów, kostki, plansze graczy, karty podróży'),(197,197,1,'2036-05-01',44,'Plansza, kafelki kliniki, meeple lekarzy, żetony pacjentów, plansze graczy, karty'),(198,198,1,'2036-06-01',44,'Plansza, kafelki podróży, karty odkryć, meeple postaci, plansze graczy, karty'),(199,199,1,'2036-07-01',37,'Plansza, karty paladynów, meeple pracowników, żetony zasobów, plansze graczy, karty podejrzeń'),(200,200,1,'2036-08-01',43,'Plansza, kafelki budynków, żetony zasobów, kafelki miast, plansze graczy, karty');
/*!40000 ALTER TABLE `versions` ENABLE KEYS */;
UNLOCK TABLES;
/*!40103 SET TIME_ZONE=@OLD_TIME_ZONE */;

/*!40101 SET SQL_MODE=@OLD_SQL_MODE */;
/*!40014 SET FOREIGN_KEY_CHECKS=@OLD_FOREIGN_KEY_CHECKS */;
/*!40014 SET UNIQUE_CHECKS=@OLD_UNIQUE_CHECKS */;
/*!40101 SET CHARACTER_SET_CLIENT=@OLD_CHARACTER_SET_CLIENT */;
/*!40101 SET CHARACTER_SET_RESULTS=@OLD_CHARACTER_SET_RESULTS */;
/*!40101 SET COLLATION_CONNECTION=@OLD_COLLATION_CONNECTION */;
/*!40111 SET SQL_NOTES=@OLD_SQL_NOTES */;

-- Dump completed on 2024-06-09  6:45:58
